{"cameraMode":{"drawMode":0,"name":"Shaded","section":"Shading Mode"},"sceneLighting":false,"audioPlay":false,"sceneViewState":{"m_AlwaysRefresh":false,"showFog":true,"showSkybox":false,"showFlares":true,"showImageEffects":true,"showParticleSystems":true,"showVisualEffectGraphs":true,"m_FxEnabled":true},"in2DMode":false,"pivot":{"x":-3.4937756061553957,"y":0.9600000381469727,"z":4.607014179229736},"rotation":{"x":-0.013602678664028645,"y":0.9770370721817017,"z":0.06566417962312699,"w":0.20261317491531373},"size":0.8660253882408142,"orthographic":false}