{"cameraMode":{"drawMode":0,"name":"Shaded","section":"Shading Mode"},"sceneLighting":true,"audioPlay":false,"sceneViewState":{"m_AlwaysRefresh":false,"showFog":true,"showSkybox":true,"showFlares":true,"showImageEffects":true,"showParticleSystems":true,"showVisualEffectGraphs":true,"m_FxEnabled":true},"in2DMode":false,"pivot":{"x":-7.222349166870117,"y":1.4078317880630494,"z":-16.667692184448243},"rotation":{"x":-0.013602678664028645,"y":0.9770370721817017,"z":0.06566417962312699,"w":0.20261317491531373},"size":0.01018055435270071,"orthographic":false}