{"cameraMode":{"drawMode":0,"name":"Shaded","section":"Shading Mode"},"sceneLighting":true,"audioPlay":false,"sceneViewState":{"m_AlwaysRefresh":false,"showFog":true,"showSkybox":true,"showFlares":true,"showImageEffects":true,"showParticleSystems":true,"showVisualEffectGraphs":true,"m_FxEnabled":true},"in2DMode":false,"pivot":{"x":0.0449213832616806,"y":1.2819244861602784,"z":0.35677260160446169},"rotation":{"x":-0.1998598873615265,"y":0.5968998670578003,"z":-0.15674945712089539,"w":-0.7610555291175842},"size":1.2751224040985108,"orthographic":false}