{"cameraMode":{"drawMode":0,"name":"Shaded","section":"Shading Mode"},"sceneLighting":true,"audioPlay":false,"sceneViewState":{"m_AlwaysRefresh":false,"showFog":true,"showSkybox":true,"showFlares":true,"showImageEffects":true,"showParticleSystems":true,"showVisualEffectGraphs":true,"m_FxEnabled":true},"in2DMode":false,"pivot":{"x":-3.1959428787231447,"y":1.6093181371688843,"z":-85.21599578857422},"rotation":{"x":0.09476320445537567,"y":-0.3707367479801178,"z":0.03805764392018318,"w":0.9231082797050476},"size":1.8493092060089112,"orthographic":false}