{"cameraMode":{"drawMode":0,"name":"Shaded","section":"Shading Mode"},"sceneLighting":true,"audioPlay":false,"sceneViewState":{"m_AlwaysRefresh":false,"showFog":true,"showSkybox":true,"showFlares":true,"showImageEffects":true,"showParticleSystems":true,"showVisualEffectGraphs":true,"m_FxEnabled":true},"in2DMode":false,"pivot":{"x":-6.85324239730835,"y":0.804995596408844,"z":-16.147119522094728},"rotation":{"x":0.3684838116168976,"y":-0.009761557914316655,"z":0.0038683591410517694,"w":0.9295803904533386},"size":0.22371730208396913,"orthographic":false}